DepMap_ID	cell_line_name	stripped_cell_line_name.x	CCLE_Name	alias	COSMICID	sex	source	RRID	WTSI_Master_Cell_ID	sample_collection_site	primary_or_metastasis	primary_disease	Subtype	age	Sanger_Model_ID	depmap_public_comments	lineage	lineage_subtype	lineage_sub_subtype	lineage_molecular_subtype	default_growth_pattern	model_manipulation	model_manipulation_details	patient_id	parent_depmap_id	Cellosaurus_NCIt_disease	Cellosaurus_NCIt_id	Cellosaurus_issues	entity.sample_id	hg19_RRBS_bai	hg19_RRBS_bam	hg19_hybrid_capture_bai	hg19_hybrid_capture_bam	hg19_raindance_bai	hg19_raindance_bam	hg19_targeted_bai	hg19_targeted_bam	hg38_rna_bai	hg38_rna_bam	hg38_wes_bai	hg38_wes_bam	hg38_wgs_bai	hg38_wgs_bam	mutect2_parquet_wes	mutect2_parquet_wgs	mutect2_vcf_wes	mutect2_vcf_wgs	participant	stripped_cell_line_name.y	wes_kit
ACH-000084		MUTZ3	MUTZ3_HAEMATOPOIETIC_AND_LYMPHOID_TISSUE	MUTZ3	NA	Male	DSMZ	CVCL_1433	NA	haematopoietic_and_lymphoid_tissue		Leukemia	Acute Myelogenous Leukemia (AML)	29			blood	AML			2D: suspension			PT-S6ty7D		Acute myeloid leukemia with inv(3) (q21.3q26.2) or t(33) (q21.3q26.2) GATA2, MECOM	C82426		ACH-000084			gs://cclebams/hybrid_capture/MUTZ3_HAEMATOPOIETIC_AND_LYMPHOID_TISSUE.bai	gs://cclebams/hybrid_capture/MUTZ3_HAEMATOPOIETIC_AND_LYMPHOID_TISSUE.bam					gs://cclebams/rnasq_hg38/CDS-JSTQob.Aligned.sortedByCoord.out.bam.bai	gs://cclebams/rnasq_hg38/CDS-JSTQob.Aligned.sortedByCoord.out.bam									ACH-000084	MUTZ3	
ACH-000166	Kasumi-6	KASUMI6	KASUMI6_HAEMATOPOIETIC_AND_LYMPHOID_TISSUE		NA	Male	ATCC	CVCL_0614	NA	haematopoietic_and_lymphoid_tissue	Primary	Leukemia	Acute Myelogenous Leukemia (AML), M2 (Myeloblastic)	64			blood	AML	M2					PT-BnqVL0		Adult acute myeloid leukemia	C9154		ACH-000166	gs://cclebams/RRBS/G29750/Kasumi-6/v4/Kasumi-6.bai	gs://cclebams/RRBS/G29750/Kasumi-6/v4/Kasumi-6.bam	gs://cclebams/hybrid_capture/KASUMI6_HAEMATOPOIETIC_AND_LYMPHOID_TISSUE.bai	gs://cclebams/hybrid_capture/KASUMI6_HAEMATOPOIETIC_AND_LYMPHOID_TISSUE.bam	gs://cclebams/raindance/G16640/Kasumi-6/current/Kasumi-6.bai	gs://cclebams/raindance/G16640/Kasumi-6/current/Kasumi-6.bam			gs://cclebams/rnasq_hg38/CDS-EN8kFZ.Aligned.sortedByCoord.out.bam.bai	gs://cclebams/rnasq_hg38/CDS-EN8kFZ.Aligned.sortedByCoord.out.bam	gs://cclebams/hg38_wes/CDS-TVhwuV.hg38.bai	gs://cclebams/hg38_wes/CDS-TVhwuV.hg38.bam			["gs://ccle-mutation/mutect2_parquet/2fa5f526f0a14bbcab9e79911e8242d3-0.parquet"]		gs://ccle-mutation/mutect2_vcf/CDS-TVhwuV_fixed.vcf.gz		ACH-000166	KASUMI6	AGILENT
ACH-000602	M-07e	M07E	M07E_HAEMATOPOIETIC_AND_LYMPHOID_TISSUE		NA	Female	DSMZ	CVCL_2106	NA	haematopoietic_and_lymphoid_tissue		Leukemia	Acute Myelogenous Leukemia (AML), M7 (Megakaryoblastic)	0			blood	AML	M7		2D: suspension			PT-T0am5q		Childhood acute megakaryoblastic leukemia	C7972		ACH-000602	gs://cclebams/RRBS/G29750/M-07e/v3/M-07e.bai	gs://cclebams/RRBS/G29750/M-07e/v3/M-07e.bam	gs://cclebams/hybrid_capture/M07E_HAEMATOPOIETIC_AND_LYMPHOID_TISSUE.bai	gs://cclebams/hybrid_capture/M07E_HAEMATOPOIETIC_AND_LYMPHOID_TISSUE.bam	gs://cclebams/raindance/G16640/M-07e/current/M-07e.bai	gs://cclebams/raindance/G16640/M-07e/current/M-07e.bam			gs://cclebams/rnasq_hg38/CDS-e0BQA3.Aligned.sortedByCoord.out.bam.bai	gs://cclebams/rnasq_hg38/CDS-e0BQA3.Aligned.sortedByCoord.out.bam	gs://cclebams/hg38_wes/CDS-cp8WD1.hg38.bai	gs://cclebams/hg38_wes/CDS-cp8WD1.hg38.bam			["gs://ccle-mutation/mutect2_parquet/404d80f426c44df78c078cced4456929-0.parquet"]		gs://ccle-mutation/mutect2_vcf/CDS-cp8WD1_fixed.vcf.gz		ACH-000602	M07E	AGILENT
ACH-001656	SKNO-1	SKNO1	SKNO1_HAEMATOPOIETIC_AND_LYMPHOID_TISSUE		NA	Male	Academic lab	CVCL_2196	NA	bone_marrow	Metastasis	Leukemia	Acute Myelogenous Leukemia (AML)	22			blood	AML			2D: suspension			PT-YKJPHt		Adult acute myeloid leukemia with maturation	C7961		ACH-001656									gs://cclebams/rnasq_hg38/CDS-X61box.Aligned.sortedByCoord.out.bam.bai	gs://cclebams/rnasq_hg38/CDS-X61box.Aligned.sortedByCoord.out.bam	gs://cclebams/hg38_wes/CDS-yOcCgE.hg38.bai	gs://cclebams/hg38_wes/CDS-yOcCgE.hg38.bam			["gs://ccle-mutation/mutect2_parquet/a4183240615143708af233a594e0d2dd-0.parquet"]		gs://ccle-mutation/mutect2_vcf/CDS-yOcCgE_fixed.vcf.gz		ACH-001656	SKNO1	ICE
ACH-000002	HL-60	HL60	HL60_HAEMATOPOIETIC_AND_LYMPHOID_TISSUE		905938	Female	ATCC	CVCL_0002	55	haematopoietic_and_lymphoid_tissue	Primary	Leukemia	Acute Myelogenous Leukemia (AML), M3 (Promyelocytic)	36	SIDM00829		blood	AML	M3		2D: suspension			PT-5qa3uk		Adult acute myeloid leukemia	C9154		ACH-000002	gs://cclebams/RRBS/G29750/HL-60/v2/HL-60.bai	gs://cclebams/RRBS/G29750/HL-60/v2/HL-60.bam	gs://cclebams/hybrid_capture/HL-60.bai	gs://cclebams/hybrid_capture/HL-60.bam	gs://cclebams/raindance/HL-60.bai	gs://cclebams/raindance/HL-60.bam			gs://cclebams/rnasq_hg38/CDS-AExPJi.Aligned.sortedByCoord.out.bam.bai	gs://cclebams/rnasq_hg38/CDS-AExPJi.Aligned.sortedByCoord.out.bam									ACH-000002	HL60	
ACH-000004	HEL	HEL	HEL_HAEMATOPOIETIC_AND_LYMPHOID_TISSUE		907053	Male	DSMZ	CVCL_0001	783	haematopoietic_and_lymphoid_tissue		Leukemia	Acute Myelogenous Leukemia (AML), M6 (Erythroleukemia)	30	SIDM00594		blood	AML	M6		2D: suspension			PT-q4K2cp		Erythroleukemia	C7152		ACH-000004	gs://cclebams/RRBS/G48942/HEL/current/HEL.bai	gs://cclebams/RRBS/G48942/HEL/current/HEL.bam	gs://cclebams/hybrid_capture/HEL_HAEMATOPOIETIC_AND_LYMPHOID_TISSUE.bai	gs://cclebams/hybrid_capture/HEL_HAEMATOPOIETIC_AND_LYMPHOID_TISSUE.bam					gs://cclebams/rnasq_hg38/CDS-Sl0JI6.Aligned.sortedByCoord.out.bam.bai	gs://cclebams/rnasq_hg38/CDS-Sl0JI6.Aligned.sortedByCoord.out.bam	gs://cclebams/hg38_wes/CDS-7ffA1d.hg38.bam.bai	gs://cclebams/hg38_wes/CDS-7ffA1d.hg38.bam			["gs://ccle-mutation/mutect2_parquet/d7afb11fb4774882919bad729f473d0a-0.parquet"]		gs://ccle-mutation/mutect2_vcf/CDS-7ffA1d_fixed.vcf.gz		ACH-000004	HEL	ICE
ACH-000005	HEL 92.1.7	HEL9217	HEL9217_HAEMATOPOIETIC_AND_LYMPHOID_TISSUE		NA	Male	ATCC	CVCL_2481	NA	bone_marrow		Leukemia	Acute Myelogenous Leukemia (AML), M6 (Erythroleukemia)	30	SIDM00593		blood	AML	M6		2D: suspension			PT-q4K2cp	ACH-000004	Erythroleukemia	C7152		ACH-000005	gs://cclebams/RRBS/G29750/HEL_92.1.7/v2/HEL_92.1.7.bai	gs://cclebams/RRBS/G29750/HEL_92.1.7/v2/HEL_92.1.7.bam	gs://cclebams/hybrid_capture/HEL9217_HAEMATOPOIETIC_AND_LYMPHOID_TISSUE.bai	gs://cclebams/hybrid_capture/HEL9217_HAEMATOPOIETIC_AND_LYMPHOID_TISSUE.bam	gs://cclebams/raindance/G16640/HEL_92.1.7/current/HEL_92.1.7.bai	gs://cclebams/raindance/G16640/HEL_92.1.7/current/HEL_92.1.7.bam			gs://cclebams/rnasq_hg38/CDS-wsWPxR.Aligned.sortedByCoord.out.bam.bai	gs://cclebams/rnasq_hg38/CDS-wsWPxR.Aligned.sortedByCoord.out.bam	gs://cclebams/hg38_wes/CDS-bweujf.hg38.bam.bai	gs://cclebams/hg38_wes/CDS-bweujf.hg38.bam	gs://cclebams/wgs_hg38/CDS-17moNf.wgs_ccle.bai	gs://cclebams/wgs_hg38/CDS-17moNf.wgs_ccle.bam	["gs://ccle-mutation/mutect2_parquet/04a2bf1d850f4f7f8568d98d93bf51fb-0.parquet","gs://ccle-mutation/mutect2_parquet/9629cda8527d4a69b4ef29aa5f8de83f-0.parquet","gs://ccle-mutation/mutect2_parquet/a0ccbea79afa4b33a96cb5b659c7ff6d-0.parquet","gs://ccle-mutation/mutect2_parquet/a532b024fc114aa49550df926bf13d5e-0.parquet"]		gs://ccle-mutation/mutect2_vcf/CDS-bweujf_fixed.vcf.gz	gs://ccle-mutation/mutect2_vcf/CDS-17moNf_fixed.vcf.gz	ACH-000005	HEL9217	ICE
ACH-000006	MONO-MAC-6	MONOMAC6	MONOMAC6_HAEMATOPOIETIC_AND_LYMPHOID_TISSUE		908148	Male	DSMZ	CVCL_1426	2167	haematopoietic_and_lymphoid_tissue	Primary	Leukemia	Acute Myelogenous Leukemia (AML), M5 (Eosinophilic/Monocytic)	64	SIDM01023		blood	AML	M5		2D: adherent			PT-ej13Dz		Adult acute monocytic leukemia	C8263		ACH-000006	gs://cclebams/RRBS/G29750/MONO-MAC-6/v1/MONO-MAC-6.bai	gs://cclebams/RRBS/G29750/MONO-MAC-6/v1/MONO-MAC-6.bam	gs://cclebams/hybrid_capture/MONOMAC6_HAEMATOPOIETIC_AND_LYMPHOID_TISSUE.bai	gs://cclebams/hybrid_capture/MONOMAC6_HAEMATOPOIETIC_AND_LYMPHOID_TISSUE.bam	gs://cclebams/raindance/G16640/MONO-MAC-6/current/MONO-MAC-6.bai	gs://cclebams/raindance/G16640/MONO-MAC-6/current/MONO-MAC-6.bam			gs://cclebams/rnasq_hg38/CDS-1mUpO8.Aligned.sortedByCoord.out.bam.bai	gs://cclebams/rnasq_hg38/CDS-1mUpO8.Aligned.sortedByCoord.out.bam									ACH-000006	MONOMAC6	
ACH-000034		PLB985	PLB985_HAEMATOPOIETIC_AND_LYMPHOID_TISSUE	PLB985, PLB-985	NA	Female	Academic lab	CVCL_2162	NA	haematopoietic_and_lymphoid_tissue	Primary	Leukemia	Acute Myelogenous Leukemia (AML), M3 (Promyelocytic)	35	SIDM00811	SNP fingerprinting confirms that this line is an HL-60 derivative. DepMap metadata has been updated (as of 22Q2) to reflect this.	blood	AML	M3					PT-5qa3uk	ACH-000002	Adult acute myeloid leukemia	C9154	Contaminated. Shown to be a HL-60 derivative (PubMed=12592342; PubMed=20143388). Originally thought to originate from a 38 year old female patient with acute nonlymphocytic leukemia.	ACH-000034									gs://cclebams/rnasq_hg38/CDS-4v5iG0.Aligned.sortedByCoord.out.bam.bai	gs://cclebams/rnasq_hg38/CDS-4v5iG0.Aligned.sortedByCoord.out.bam									ACH-000034	PLB985	
ACH-000045	MV4;11	MV411	MV411_HAEMATOPOIETIC_AND_LYMPHOID_TISSUE	MV-4-11	908156	Male	ATCC	CVCL_0064	133	haematopoietic_and_lymphoid_tissue	Primary	Leukemia	Acute Myelogenous Leukemia (AML)	10	SIDM00657		blood	AML			2D: suspension			PT-zb7Sx0		Childhood acute monocytic leukemia	C9163		ACH-000045	gs://cclebams/RRBS/G29750/MV-4-11/v2/MV-4-11.bai	gs://cclebams/RRBS/G29750/MV-4-11/v2/MV-4-11.bam	gs://cclebams/hybrid_capture/MV411_HAEMATOPOIETIC_AND_LYMPHOID_TISSUE.bai	gs://cclebams/hybrid_capture/MV411_HAEMATOPOIETIC_AND_LYMPHOID_TISSUE.bam	gs://cclebams/raindance/G16640/MV-4-11/current/MV-4-11.bai	gs://cclebams/raindance/G16640/MV-4-11/current/MV-4-11.bam			gs://cclebams/rnasq_hg38/CDS-XFQ8ln.Aligned.sortedByCoord.out.bam.bai	gs://cclebams/rnasq_hg38/CDS-XFQ8ln.Aligned.sortedByCoord.out.bam			gs://cclebams/wgs_hg38/CDS-XBgVc6.wgs_ccle.bai	gs://cclebams/wgs_hg38/CDS-XBgVc6.wgs_ccle.bam		["gs://ccle-mutation/mutect2_parquet/1b2191dff6a240fca0121e6e322f6c5d-0.parquet","gs://ccle-mutation/mutect2_parquet/3178d5e9254c4a65a45f8895e347f11e-0.parquet","gs://ccle-mutation/mutect2_parquet/3269a824ef814f22a77d9afeb3a89a17-0.parquet","gs://ccle-mutation/mutect2_parquet/34bb8a917c084216962c6077afd9235f-0.parquet","gs://ccle-mutation/mutect2_parquet/6a8d101a97f64d70bba47ec6d9106fb6-0.parquet","gs://ccle-mutation/mutect2_parquet/748ee8c0a9a340c6b65d4d35cc034ace-0.parquet","gs://ccle-mutation/mutect2_parquet/80db9f0dc798469093b3f71a6882298c-0.parquet","gs://ccle-mutation/mutect2_parquet/89a0bf76e6f14c9cb7de46628c3ae81e-0.parquet","gs://ccle-mutation/mutect2_parquet/e0b8f30ed5e14f8196e430a4c8376c4a-0.parquet"]		gs://ccle-mutation/mutect2_vcf/CDS-XBgVc6_fixed.vcf.gz	ACH-000045	MV411	
ACH-000065	OCI-AML5	OCIAML5	OCIAML5_HAEMATOPOIETIC_AND_LYMPHOID_TISSUE		1330983	Male	DSMZ	CVCL_1620	2130	haematopoietic_and_lymphoid_tissue	Primary	Leukemia	Acute Myelogenous Leukemia (AML)	77	SIDM00461		blood	AML						PT-EsXLcC		Adult acute myeloid leukemia	C9154		ACH-000065	gs://cclebams/RRBS/G29750/OCI-AML5/v2/OCI-AML5.bai	gs://cclebams/RRBS/G29750/OCI-AML5/v2/OCI-AML5.bam	gs://cclebams/hybrid_capture/OCIAML5_HAEMATOPOIETIC_AND_LYMPHOID_TISSUE.bai	gs://cclebams/hybrid_capture/OCIAML5_HAEMATOPOIETIC_AND_LYMPHOID_TISSUE.bam	gs://cclebams/raindance/G16640/OCI-AML5/current/OCI-AML5.bai	gs://cclebams/raindance/G16640/OCI-AML5/current/OCI-AML5.bam			gs://cclebams/rnasq_hg38/CDS-QH8QDh.Aligned.sortedByCoord.out.bam.bai	gs://cclebams/rnasq_hg38/CDS-QH8QDh.Aligned.sortedByCoord.out.bam	gs://cclebams/hg38_wes/CDS-OJhAUD.hg38.bai	gs://cclebams/hg38_wes/CDS-OJhAUD.hg38.bam			["gs://ccle-mutation/mutect2_parquet/96df2dd0a7b84470948f3d422b60c84b-0.parquet"]		gs://ccle-mutation/mutect2_vcf/CDS-OJhAUD_fixed.vcf.gz		ACH-000065	OCIAML5	AGILENT
ACH-000080	BDCM	BDCM	BDCM_HAEMATOPOIETIC_AND_LYMPHOID_TISSUE		NA	Male	ATCC	CVCL_4613	NA	haematopoietic_and_lymphoid_tissue		Leukemia	Acute Myelogenous Leukemia (AML), M5 (Eosinophilic/Monocytic)				blood	AML	M5					PT-c6Ag34		Acute myeloid leukemia	C3171		ACH-000080	gs://cclebams/RRBS/G29750/BDCM/v1/BDCM.bai	gs://cclebams/RRBS/G29750/BDCM/v1/BDCM.bam	gs://cclebams/hybrid_capture/BDCM_HAEMATOPOIETIC_AND_LYMPHOID_TISSUE.bai	gs://cclebams/hybrid_capture/BDCM_HAEMATOPOIETIC_AND_LYMPHOID_TISSUE.bam	gs://cclebams/raindance/G16640/BDCM/current/BDCM.bai	gs://cclebams/raindance/G16640/BDCM/current/BDCM.bam			gs://cclebams/rnasq_hg38/CDS-NSbpnq.Aligned.sortedByCoord.out.bam.bai	gs://cclebams/rnasq_hg38/CDS-NSbpnq.Aligned.sortedByCoord.out.bam	gs://cclebams/hg38_wes/CDS-ENNhkJ.hg38.bai	gs://cclebams/hg38_wes/CDS-ENNhkJ.hg38.bam			["gs://ccle-mutation/mutect2_parquet/0f68ba7a0abf408fb65b68a2d5dfc99d-0.parquet"]		gs://ccle-mutation/mutect2_vcf/CDS-ENNhkJ_fixed.vcf.gz		ACH-000080	BDCM	AGILENT
ACH-000081	GDM-1	GDM1	GDM1_HAEMATOPOIETIC_AND_LYMPHOID_TISSUE		906870	Female	ATCC	CVCL_1230	164	haematopoietic_and_lymphoid_tissue		Leukemia	Acute Myelogenous Leukemia (AML)	66	SIDM01057		blood	AML						PT-OtgTTm		Adult acute myeloid leukemia	C9154		ACH-000081	gs://cclebams/RRBS/G29750/GDM-1/v4/GDM-1.bai	gs://cclebams/RRBS/G29750/GDM-1/v4/GDM-1.bam	gs://cclebams/hybrid_capture/GDM1_HAEMATOPOIETIC_AND_LYMPHOID_TISSUE.bai	gs://cclebams/hybrid_capture/GDM1_HAEMATOPOIETIC_AND_LYMPHOID_TISSUE.bam	gs://cclebams/raindance/G16640/GDM-1/current/GDM-1.bai	gs://cclebams/raindance/G16640/GDM-1/current/GDM-1.bam			gs://cclebams/rnasq_hg38/CDS-k5bXQa.Aligned.sortedByCoord.out.bam.bai	gs://cclebams/rnasq_hg38/CDS-k5bXQa.Aligned.sortedByCoord.out.bam	gs://cclebams/hg38_wes/CDS-bXr1zg.hg38.bai	gs://cclebams/hg38_wes/CDS-bXr1zg.hg38.bam			["gs://ccle-mutation/mutect2_parquet/cd3f0da6c4114744be0b794b935c1499-0.parquet"]		gs://ccle-mutation/mutect2_vcf/CDS-bXr1zg_fixed.vcf.gz		ACH-000081	GDM1	AGILENT
ACH-000112	SIG-M5	SIGM5	SIGM5_HAEMATOPOIETIC_AND_LYMPHOID_TISSUE		909715	Male	DSMZ	CVCL_1694	656	bone_marrow		Leukemia	Acute Myelogenous Leukemia (AML), M5 (Eosinophilic/Monocytic)	63	SIDM00396		blood	AML	M5					PT-SHvyVR		Adult acute myeloid leukemia	C9154		ACH-000112	gs://cclebams/RRBS/G29750/SIG-M5/v3/SIG-M5.bai	gs://cclebams/RRBS/G29750/SIG-M5/v3/SIG-M5.bam	gs://cclebams/hybrid_capture/SIGM5_HAEMATOPOIETIC_AND_LYMPHOID_TISSUE.bai	gs://cclebams/hybrid_capture/SIGM5_HAEMATOPOIETIC_AND_LYMPHOID_TISSUE.bam					gs://cclebams/rnasq_hg38/CDS-9DyJSt.Aligned.sortedByCoord.out.bam.bai	gs://cclebams/rnasq_hg38/CDS-9DyJSt.Aligned.sortedByCoord.out.bam	gs://cclebams/hg38_wes/CDS-KUFYVj.hg38.bai	gs://cclebams/hg38_wes/CDS-KUFYVj.hg38.bam			["gs://ccle-mutation/mutect2_parquet/a9f05c162c4e435db30aeac155e13179-0.parquet"]		gs://ccle-mutation/mutect2_vcf/CDS-KUFYVj_fixed.vcf.gz		ACH-000112	SIGM5	AGILENT
ACH-000113	OCI-AML2	OCIAML2	OCIAML2_HAEMATOPOIETIC_AND_LYMPHOID_TISSUE		910947	Male	DSMZ	CVCL_1619	749	haematopoietic_and_lymphoid_tissue	Primary	Leukemia	Acute Myelogenous Leukemia (AML), M4 (Myelomonocytic)	65	SIDM00446		blood	AML	M4					PT-OA9fna		Adult acute myeloid leukemia	C9154		ACH-000113	gs://cclebams/RRBS/G29750/OCI-AML2/v2/OCI-AML2.bai	gs://cclebams/RRBS/G29750/OCI-AML2/v2/OCI-AML2.bam	gs://cclebams/hybrid_capture/OCIAML2_HAEMATOPOIETIC_AND_LYMPHOID_TISSUE.bai	gs://cclebams/hybrid_capture/OCIAML2_HAEMATOPOIETIC_AND_LYMPHOID_TISSUE.bam	gs://cclebams/raindance/G16640/OCI-AML2/current/OCI-AML2.bai	gs://cclebams/raindance/G16640/OCI-AML2/current/OCI-AML2.bam			gs://cclebams/rnasq_hg38/CDS-s2PJJo.Aligned.sortedByCoord.out.bam.bai	gs://cclebams/rnasq_hg38/CDS-s2PJJo.Aligned.sortedByCoord.out.bam									ACH-000113	OCIAML2	
ACH-000146	THP-1	THP1	THP1_HAEMATOPOIETIC_AND_LYMPHOID_TISSUE		909771	Male	ATCC	CVCL_0006	770	haematopoietic_and_lymphoid_tissue	Primary	Leukemia	Acute Myelogenous Leukemia (AML), M5 (Eosinophilic/Monocytic)	1	SIDM01172		blood	AML	M5		2D: suspension			PT-Sv45MF		Childhood acute monocytic leukemia	C9163	NRAS mutation indicated incorrectly as being p.Gly12Ser in PubMed=9379676	ACH-000146	gs://cclebams/RRBS/G29750/THP-1/v1/THP-1.bai	gs://cclebams/RRBS/G29750/THP-1/v1/THP-1.bam	gs://cclebams/hybrid_capture/THP1_HAEMATOPOIETIC_AND_LYMPHOID_TISSUE.bai	gs://cclebams/hybrid_capture/THP1_HAEMATOPOIETIC_AND_LYMPHOID_TISSUE.bam	gs://cclebams/raindance/G16640/THP-1/current/THP-1.bai	gs://cclebams/raindance/G16640/THP-1/current/THP-1.bam			gs://cclebams/rnasq_hg38/CDS-NUS68d.Aligned.sortedByCoord.out.bam.bai	gs://cclebams/rnasq_hg38/CDS-NUS68d.Aligned.sortedByCoord.out.bam			gs://cclebams/wgs_hg38/CDS-xdd3jw.wgs_ccle.bai	gs://cclebams/wgs_hg38/CDS-xdd3jw.wgs_ccle.bam		["gs://ccle-mutation/mutect2_parquet/402cf3d613834593abc2598b599d28ee-0.parquet","gs://ccle-mutation/mutect2_parquet/84a29b7811c0407686a1c9b48d15a454-0.parquet","gs://ccle-mutation/mutect2_parquet/8f358474fe9b4693a558f7a6fa41867c-0.parquet","gs://ccle-mutation/mutect2_parquet/a6bffdb9712c46bdbefff7a92eb242da-0.parquet","gs://ccle-mutation/mutect2_parquet/afaada584b6e49b1ad4a671f82cc813b-0.parquet","gs://ccle-mutation/mutect2_parquet/b5f4d624aa7f4ffcb8f7ea75b4453082-0.parquet","gs://ccle-mutation/mutect2_parquet/df1a49df9cd444a89d721971be5d0ce5-0.parquet","gs://ccle-mutation/mutect2_parquet/f08ff984139946a2afbbe405e43ec795-0.parquet","gs://ccle-mutation/mutect2_parquet/f71c1632ca014d09a17253dbbfeadf55-0.parquet"]		gs://ccle-mutation/mutect2_vcf/CDS-xdd3jw_fixed.vcf.gz	ACH-000146	THP1	
ACH-000168	NOMO-1	NOMO1	NOMO1_HAEMATOPOIETIC_AND_LYMPHOID_TISSUE		908451	Female	HSRRB	CVCL_1609	297	bone_marrow	Primary	Leukemia	Acute Myelogenous Leukemia (AML), M5 (Eosinophilic/Monocytic)	31	SIDM00580		blood	AML	M5		2D: adherent			PT-FTVcJW		Adult acute monocytic leukemia	C8263		ACH-000168	gs://cclebams/RRBS/G29750/NOMO-1/v2/NOMO-1.bai	gs://cclebams/RRBS/G29750/NOMO-1/v2/NOMO-1.bam	gs://cclebams/hybrid_capture/NOMO-1.bai	gs://cclebams/hybrid_capture/NOMO-1.bam					gs://cclebams/rnasq_hg38/CDS-owqRTD.Aligned.sortedByCoord.out.bam.bai	gs://cclebams/rnasq_hg38/CDS-owqRTD.Aligned.sortedByCoord.out.bam									ACH-000168	NOMO1	
ACH-000195	Set-2	SET2	SET2_HAEMATOPOIETIC_AND_LYMPHOID_TISSUE		NA	Female	DSMZ	CVCL_2187	NA	haematopoietic_and_lymphoid_tissue		Leukemia	Acute Myelogenous Leukemia (AML)	71	SIDM00397		blood	AML			2D: suspension			PT-ZJgxZb		Adult acute megakaryoblastic leukemia	C7965		ACH-000195	gs://cclebams/RRBS/G29750/Set-2/v2/Set-2.bai	gs://cclebams/RRBS/G29750/Set-2/v2/Set-2.bam	gs://cclebams/hybrid_capture/SET2_HAEMATOPOIETIC_AND_LYMPHOID_TISSUE.bai	gs://cclebams/hybrid_capture/SET2_HAEMATOPOIETIC_AND_LYMPHOID_TISSUE.bam	gs://cclebams/raindance/G16640/Set-2/current/Set-2.bai	gs://cclebams/raindance/G16640/Set-2/current/Set-2.bam			gs://cclebams/rnasq_hg38/CDS-SVSiEw.Aligned.sortedByCoord.out.bam.bai	gs://cclebams/rnasq_hg38/CDS-SVSiEw.Aligned.sortedByCoord.out.bam			gs://cclebams/wgs_hg38/CDS-753lzg.hg38.bai	gs://cclebams/wgs_hg38/CDS-753lzg.hg38.bam				gs://ccle-mutation/mutect2_vcf/CDS-753lzg_fixed.vcf.gz	ACH-000195	SET2	
ACH-000198	EOL-1	EOL1	EOL1_HAEMATOPOIETIC_AND_LYMPHOID_TISSUE		906856	Male	DSMZ	CVCL_0258	426	haematopoietic_and_lymphoid_tissue		Leukemia	Acute Myelogenous Leukemia (AML), M5 (Eosinophilic/Monocytic)	33	SIDM00277		blood	AML	M5					PT-FYT6ze		Chronic eosinophilic leukemia, not otherwise specified	C4563		ACH-000198	gs://cclebams/RRBS/G29750/EOL-1/v1/EOL-1.bai	gs://cclebams/RRBS/G29750/EOL-1/v1/EOL-1.bam	gs://cclebams/hybrid_capture/EOL1CELL_HAEMATOPOIETIC_AND_LYMPHOID_TISSUE.bai	gs://cclebams/hybrid_capture/EOL1CELL_HAEMATOPOIETIC_AND_LYMPHOID_TISSUE.bam					gs://cclebams/rnasq_hg38/CDS-jNhYQS.Aligned.sortedByCoord.out.bam.bai	gs://cclebams/rnasq_hg38/CDS-jNhYQS.Aligned.sortedByCoord.out.bam	gs://cclebams/hg38_wes/CDS-xSMGC5.hg38.bai	gs://cclebams/hg38_wes/CDS-xSMGC5.hg38.bam	gs://cclebams/wgs_hg38/CDS-R0w62a.wgs_ccle.bai	gs://cclebams/wgs_hg38/CDS-R0w62a.wgs_ccle.bam	["gs://ccle-mutation/mutect2_parquet/04686f2d573d463aa185d74c3c3bbc94-0.parquet","gs://ccle-mutation/mutect2_parquet/2fd4a6c01f964a158530400284ddce22-0.parquet","gs://ccle-mutation/mutect2_parquet/483c7ca1035e4eb4b6d53de7dc1c2467-0.parquet","gs://ccle-mutation/mutect2_parquet/a2d3141a592c4fb2ab95e843b3fc6f5f-0.parquet","gs://ccle-mutation/mutect2_parquet/b7865e6e5ad14a519f90143f35a0f6d5-0.parquet","gs://ccle-mutation/mutect2_parquet/b7ffac9636704303bfebc0601298c628-0.parquet"]	["gs://ccle-mutation/mutect2_parquet/00ac40516efc4a19b22310e12f001691-0.parquet","gs://ccle-mutation/mutect2_parquet/165e5052b9c848c6b999f22815b6652b-0.parquet","gs://ccle-mutation/mutect2_parquet/20722bd1934a4de8a80af9a0226ee3de-0.parquet","gs://ccle-mutation/mutect2_parquet/82ef745a245843b380693826e0d39f96-0.parquet","gs://ccle-mutation/mutect2_parquet/af268fa6e3454313aafbc53dc970d87a-0.parquet","gs://ccle-mutation/mutect2_parquet/bd12057e7ab24a34b1e662399c128c76-0.parquet","gs://ccle-mutation/mutect2_parquet/c291d4e7bf9d4c82aa6e651894c11cd1-0.parquet","gs://ccle-mutation/mutect2_parquet/ce91bd9b334f4713b8721787ecc4a482-0.parquet","gs://ccle-mutation/mutect2_parquet/dd01e6990efc4bbaaa65734b5bc6c7d8-0.parquet"]	gs://ccle-mutation/mutect2_vcf/CDS-xSMGC5_fixed.vcf.gz	gs://ccle-mutation/mutect2_vcf/CDS-R0w62a_fixed.vcf.gz	ACH-000198	EOL1	ICE
ACH-000218	PL-21	PL21	PL21_HAEMATOPOIETIC_AND_LYMPHOID_TISSUE		1330991	Male	DSMZ	CVCL_2161	698	haematopoietic_and_lymphoid_tissue		Leukemia	Acute Myelogenous Leukemia (AML), M3 (Promyelocytic)	24	SIDM00450		blood	AML	M3					PT-ADoL4a		Adult acute myeloid leukemia	C9154		ACH-000218	gs://cclebams/RRBS/G29750/PL-21/v2/PL-21.bai	gs://cclebams/RRBS/G29750/PL-21/v2/PL-21.bam	gs://cclebams/hybrid_capture/PL21_HAEMATOPOIETIC_AND_LYMPHOID_TISSUE.bai	gs://cclebams/hybrid_capture/PL21_HAEMATOPOIETIC_AND_LYMPHOID_TISSUE.bam	gs://cclebams/raindance/G16640/PL-21/current/PL-21.bai	gs://cclebams/raindance/G16640/PL-21/current/PL-21.bam			gs://cclebams/rnasq_hg38/CDS-JpOaAc.Aligned.sortedByCoord.out.bam.bai	gs://cclebams/rnasq_hg38/CDS-JpOaAc.Aligned.sortedByCoord.out.bam	gs://cclebams/hg38_wes/CDS-qIrUb4.hg38.bai	gs://cclebams/hg38_wes/CDS-qIrUb4.hg38.bam			["gs://ccle-mutation/mutect2_parquet/ba2d93f9a16948c58be3ed624245ce3c-0.parquet"]		gs://ccle-mutation/mutect2_vcf/CDS-qIrUb4_fixed.vcf.gz		ACH-000218	PL21	AGILENT
ACH-000263	KASUMI-1	KASUMI1	KASUMI1_HAEMATOPOIETIC_AND_LYMPHOID_TISSUE		907275	Male	DSMZ	CVCL_0589	1196	haematopoietic_and_lymphoid_tissue	Primary	Leukemia	Acute Myelogenous Leukemia (AML), M2 (Myeloblastic)	7	SIDM01005		blood	AML	M2					PT-uzWVHa		Childhood acute myeloid leukemia with maturation	C9381		ACH-000263	gs://cclebams/RRBS/G29750/KASUMI-1/v1/KASUMI-1.bai	gs://cclebams/RRBS/G29750/KASUMI-1/v1/KASUMI-1.bam	gs://cclebams/hybrid_capture/KASUMI1_HAEMATOPOIETIC_AND_LYMPHOID_TISSUE.bai	gs://cclebams/hybrid_capture/KASUMI1_HAEMATOPOIETIC_AND_LYMPHOID_TISSUE.bam					gs://cclebams/rnasq_hg38/CDS-KnmxYu.Aligned.sortedByCoord.out.bam.bai	gs://cclebams/rnasq_hg38/CDS-KnmxYu.Aligned.sortedByCoord.out.bam									ACH-000263	KASUMI1	
ACH-000294	NB-4	NB4	NB4_HAEMATOPOIETIC_AND_LYMPHOID_TISSUE		1323913	Female	DSMZ	CVCL_0005	1285	bone_marrow	Primary	Leukemia	Acute Myelogenous Leukemia (AML), M3 (Promyelocytic)	23	SIDM00428		blood	AML	M3					PT-ogTwsS		Acute promyelocytic leukemia with PML-RARA	C3182		ACH-000294	gs://cclebams/RRBS/G29750/NB-4/v2/NB-4.bai	gs://cclebams/RRBS/G29750/NB-4/v2/NB-4.bam	gs://cclebams/hybrid_capture/NB4_HAEMATOPOIETIC_AND_LYMPHOID_TISSUE.bai	gs://cclebams/hybrid_capture/NB4_HAEMATOPOIETIC_AND_LYMPHOID_TISSUE.bam	gs://cclebams/raindance/G16640/NB-4/current/NB-4.bai	gs://cclebams/raindance/G16640/NB-4/current/NB-4.bam			gs://cclebams/rnasq_hg38/CDS-zQSwaP.Aligned.sortedByCoord.out.bam.bai	gs://cclebams/rnasq_hg38/CDS-zQSwaP.Aligned.sortedByCoord.out.bam	gs://cclebams/hg38_wes/CDS-eYBVFP.hg38.bai	gs://cclebams/hg38_wes/CDS-eYBVFP.hg38.bam			["gs://ccle-mutation/mutect2_parquet/b9a0897966e14970bafc172ade870226-0.parquet"]		gs://ccle-mutation/mutect2_vcf/CDS-eYBVFP_fixed.vcf.gz		ACH-000294	NB4	AGILENT
ACH-000299		HNT34	HNT34_HAEMATOPOIETIC_AND_LYMPHOID_TISSUE	HNT-34	NA	Female	Academic lab	CVCL_2071	NA	haematopoietic_and_lymphoid_tissue		Leukemia	Acute Myelogenous Leukemia (AML), M4 (Myelomonocytic)	47			blood	AML	M4					PT-OEqvYu		Adult acute myeloid leukemia	C9154		ACH-000299									gs://cclebams/rnasq_hg38/CDS-L19Mb5.Aligned.sortedByCoord.out.bam.bai	gs://cclebams/rnasq_hg38/CDS-L19Mb5.Aligned.sortedByCoord.out.bam									ACH-000299	HNT34	
ACH-000336	OCI-AML3	OCIAML3	OCIAML3_HAEMATOPOIETIC_AND_LYMPHOID_TISSUE		1290455	Male	DSMZ	CVCL_1844	355	haematopoietic_and_lymphoid_tissue	Primary	Leukemia	Acute Myelogenous Leukemia (AML), M4 (Myelomonocytic)	57	SIDM00462		blood	AML	M4					PT-0F4qCF		Adult acute myeloid leukemia	C9154		ACH-000336	gs://cclebams/RRBS/G29750/OCI-AML3/v2/OCI-AML3.bai	gs://cclebams/RRBS/G29750/OCI-AML3/v2/OCI-AML3.bam	gs://cclebams/hybrid_capture/OCIAML3_HAEMATOPOIETIC_AND_LYMPHOID_TISSUE.bai	gs://cclebams/hybrid_capture/OCIAML3_HAEMATOPOIETIC_AND_LYMPHOID_TISSUE.bam	gs://cclebams/raindance/G16640/OCI-AML3/current/OCI-AML3.bai	gs://cclebams/raindance/G16640/OCI-AML3/current/OCI-AML3.bam			gs://cclebams/rnasq_hg38/CDS-LehzYi.Aligned.sortedByCoord.out.bam.bai	gs://cclebams/rnasq_hg38/CDS-LehzYi.Aligned.sortedByCoord.out.bam									ACH-000336	OCIAML3	
ACH-000362	MOLM-13	MOLM13	MOLM13_HAEMATOPOIETIC_AND_LYMPHOID_TISSUE		1330947	Male	DSMZ	CVCL_2119	747	haematopoietic_and_lymphoid_tissue	Primary	Leukemia	Acute Myelogenous Leukemia (AML)	20	SIDM00437		blood	AML			2D: suspension			PT-H3wdRq		Adult acute myeloid leukemia	C9154		ACH-000362	gs://cclebams/RRBS/G29750/MOLM-13/v2/MOLM-13.bai	gs://cclebams/RRBS/G29750/MOLM-13/v2/MOLM-13.bam	gs://cclebams/hybrid_capture/MOLM13_HAEMATOPOIETIC_AND_LYMPHOID_TISSUE.bai	gs://cclebams/hybrid_capture/MOLM13_HAEMATOPOIETIC_AND_LYMPHOID_TISSUE.bam	gs://cclebams/raindance/G16640/MOLM-13/current/MOLM-13.bai	gs://cclebams/raindance/G16640/MOLM-13/current/MOLM-13.bam	gs://cclebams/targeted/C1926/MOLM-13/current/MOLM-13.bai	gs://cclebams/targeted/C1926/MOLM-13/current/MOLM-13.bam	gs://cclebams/rnasq_hg38/CDS-Wpt1UN.Aligned.sortedByCoord.out.bam.bai	gs://cclebams/rnasq_hg38/CDS-Wpt1UN.Aligned.sortedByCoord.out.bam	gs://cclebams/hg38_wes/CDS-7RR9Q1.hg38.bai	gs://cclebams/hg38_wes/CDS-7RR9Q1.hg38.bam			["gs://ccle-mutation/mutect2_parquet/430cefb88e8840bd879c4e4e2bf51f52-0.parquet"]		gs://ccle-mutation/mutect2_vcf/CDS-7RR9Q1_fixed.vcf.gz		ACH-000362	MOLM13	AGILENT
ACH-000369	MOLM-16	MOLM16	MOLM16_HAEMATOPOIETIC_AND_LYMPHOID_TISSUE		1330948	Female	DSMZ	CVCL_2120	1229	haematopoietic_and_lymphoid_tissue		Leukemia	Acute Myelogenous Leukemia (AML)	77	SIDM00435		blood	AML			2D: suspension			PT-sUmz7V		Adult acute myeloid leukemia	C9154		ACH-000369	gs://cclebams/RRBS/G29750/MOLM-16/v2/MOLM-16.bai	gs://cclebams/RRBS/G29750/MOLM-16/v2/MOLM-16.bam	gs://cclebams/hybrid_capture/MOLM16_HAEMATOPOIETIC_AND_LYMPHOID_TISSUE.bai	gs://cclebams/hybrid_capture/MOLM16_HAEMATOPOIETIC_AND_LYMPHOID_TISSUE.bam	gs://cclebams/raindance/G16640/MOLM-16/current/MOLM-16.bai	gs://cclebams/raindance/G16640/MOLM-16/current/MOLM-16.bam			gs://cclebams/rnasq_hg38/CDS-OGwnRM.Aligned.sortedByCoord.out.bam.bai	gs://cclebams/rnasq_hg38/CDS-OGwnRM.Aligned.sortedByCoord.out.bam	gs://cclebams/hg38_wes/CDS-NTbuRg.hg38.bai	gs://cclebams/hg38_wes/CDS-NTbuRg.hg38.bam			["gs://ccle-mutation/mutect2_parquet/19fdaaed05f94251b05a918121cbeba7-0.parquet"]		gs://ccle-mutation/mutect2_vcf/CDS-NTbuRg_fixed.vcf.gz		ACH-000369	MOLM16	AGILENT
ACH-000373	SKM-1	SKM1	SKM1_HAEMATOPOIETIC_AND_LYMPHOID_TISSUE		909722	Male	HSRRB	CVCL_0098	304	haematopoietic_and_lymphoid_tissue	Primary	Leukemia	Acute Myelogenous Leukemia (AML)	76	SIDM00380		blood	AML			2D: suspension			PT-8qF7hQ		Adult acute myeloid leukemia	C9154	TP53 mutation indicated incorrectly as being at p.Tyr327His (c.981T>C) in PubMed=8136267	ACH-000373	gs://cclebams/RRBS/G29750/SKM-1/v2/SKM-1.bai	gs://cclebams/RRBS/G29750/SKM-1/v2/SKM-1.bam	gs://cclebams/hybrid_capture/SKM1_HAEMATOPOIETIC_AND_LYMPHOID_TISSUE.bai	gs://cclebams/hybrid_capture/SKM1_HAEMATOPOIETIC_AND_LYMPHOID_TISSUE.bam	gs://cclebams/raindance/G16640/SKM-1/current/SKM-1.bai	gs://cclebams/raindance/G16640/SKM-1/current/SKM-1.bam			gs://cclebams/rnasq_hg38/CDS-lxa1Gw.Aligned.sortedByCoord.out.bam.bai	gs://cclebams/rnasq_hg38/CDS-lxa1Gw.Aligned.sortedByCoord.out.bam			gs://cclebams/wgs_hg38/CDS-v2slR8.hg38.bai	gs://cclebams/wgs_hg38/CDS-v2slR8.hg38.bam				gs://ccle-mutation/mutect2_vcf/CDS-v2slR8_fixed.vcf.gz	ACH-000373	SKM1	
ACH-000386	KG-1	KG1	KG1_HAEMATOPOIETIC_AND_LYMPHOID_TISSUE		907278	Male	ATCC	CVCL_0374	193	bone_marrow	Primary	Leukemia	Acute Myelogenous Leukemia (AML)	59	SIDM00785		blood	AML			2D: suspension			PT-7cCzYA		Adult acute myeloid leukemia	C9154		ACH-000386	gs://cclebams/RRBS/G29750/KG-1/v2/KG-1.bai	gs://cclebams/RRBS/G29750/KG-1/v2/KG-1.bam	gs://cclebams/hybrid_capture/KG1_HAEMATOPOIETIC_AND_LYMPHOID_TISSUE.bai	gs://cclebams/hybrid_capture/KG1_HAEMATOPOIETIC_AND_LYMPHOID_TISSUE.bam	gs://cclebams/raindance/G16640/KG-1/current/KG-1.bai	gs://cclebams/raindance/G16640/KG-1/current/KG-1.bam			gs://cclebams/rnasq_hg38/CDS-QcwFpK.Aligned.sortedByCoord.out.bam.bai	gs://cclebams/rnasq_hg38/CDS-QcwFpK.Aligned.sortedByCoord.out.bam									ACH-000386	KG1	
ACH-000387	TF-1	TF1	TF1_HAEMATOPOIETIC_AND_LYMPHOID_TISSUE		NA	Male	ATCC	CVCL_0559	NA	bone_marrow		Leukemia	Acute Myelogenous Leukemia (AML)	35			blood	AML			2D: suspension			PT-JUL0sC		Erythroleukemia	C7152		ACH-000387	gs://cclebams/RRBS/G29750/TF-1/v2/TF-1.bai	gs://cclebams/RRBS/G29750/TF-1/v2/TF-1.bam	gs://cclebams/hybrid_capture/TF1_HAEMATOPOIETIC_AND_LYMPHOID_TISSUE.bai	gs://cclebams/hybrid_capture/TF1_HAEMATOPOIETIC_AND_LYMPHOID_TISSUE.bam	gs://cclebams/raindance/G16640/TF-1/current/TF-1.bai	gs://cclebams/raindance/G16640/TF-1/current/TF-1.bam	gs://cclebams/targeted/C1926/TF-1/current/TF-1.bai	gs://cclebams/targeted/C1926/TF-1/current/TF-1.bam	gs://cclebams/rnasq_hg38/CDS-Xpu5zy.Aligned.sortedByCoord.out.bam.bai	gs://cclebams/rnasq_hg38/CDS-Xpu5zy.Aligned.sortedByCoord.out.bam	gs://cclebams/hg38_wes/CDS-7h8h3a.hg38.bai	gs://cclebams/hg38_wes/CDS-7h8h3a.hg38.bam			["gs://ccle-mutation/mutect2_parquet/111e934a469f497a8ee524de7017df0e-0.parquet"]		gs://ccle-mutation/mutect2_vcf/CDS-7h8h3a_fixed.vcf.gz		ACH-000387	TF1	AGILENT
ACH-000406	U-937	U937	U937_HAEMATOPOIETIC_AND_LYMPHOID_TISSUE		NA	Male	ATCC	CVCL_0007	NA	pleural_effusion	Metastasis	Leukemia	Acute Myelogenous Leukemia (AML)	37	SIDM01195	SNP fingerprinting rules out contamination.	blood	AML			2D: suspension			PT-ZwaNYv		Adult acute monocytic leukemia	C8263	Partially contaminated. Some ATCC stocks were cross-contaminated by K-562 initially (PubMed=7759961). The problem was corrected and subsequent stocks have been confirmed to carry only U-937.	ACH-000406	gs://cclebams/RRBS/G29750/U-937/v2/U-937.bai	gs://cclebams/RRBS/G29750/U-937/v2/U-937.bam	gs://cclebams/hybrid_capture/U937_HAEMATOPOIETIC_AND_LYMPHOID_TISSUE.bai	gs://cclebams/hybrid_capture/U937_HAEMATOPOIETIC_AND_LYMPHOID_TISSUE.bam	gs://cclebams/raindance/G16640/U-937/current/U-937.bai	gs://cclebams/raindance/G16640/U-937/current/U-937.bam			gs://cclebams/rnasq_hg38/CDS-5cl5fz.Aligned.sortedByCoord.out.bam.bai	gs://cclebams/rnasq_hg38/CDS-5cl5fz.Aligned.sortedByCoord.out.bam	gs://cclebams/hg38_wes/CDS-V0Mpqf.hg38.bai	gs://cclebams/hg38_wes/CDS-V0Mpqf.hg38.bam			["gs://ccle-mutation/mutect2_parquet/48d4d379e4c347849f6be0f0ca0bc27b-0.parquet"]		gs://ccle-mutation/mutect2_vcf/CDS-V0Mpqf_fixed.vcf.gz		ACH-000406	U937	AGILENT
ACH-000439	ME-1	ME1	ME1_HAEMATOPOIETIC_AND_LYMPHOID_TISSUE		1330942	Male	DSMZ	CVCL_2110	427	haematopoietic_and_lymphoid_tissue		Leukemia	Acute Myelogenous Leukemia (AML), M4 (Myelomonocytic)	40	SIDM00338		blood	AML	M4		2D: suspension			PT-do6aX9		Adult acute myeloid leukemia	C9154		ACH-000439	gs://cclebams/RRBS/G29750/ME-1/v3/ME-1.bai	gs://cclebams/RRBS/G29750/ME-1/v3/ME-1.bam	gs://cclebams/hybrid_capture/ME1_HAEMATOPOIETIC_AND_LYMPHOID_TISSUE.bai	gs://cclebams/hybrid_capture/ME1_HAEMATOPOIETIC_AND_LYMPHOID_TISSUE.bam					gs://cclebams/rnasq_hg38/CDS-KY7vYu.Aligned.sortedByCoord.out.bam.bai	gs://cclebams/rnasq_hg38/CDS-KY7vYu.Aligned.sortedByCoord.out.bam	gs://cclebams/hg38_wes/CDS-XdjcWu.hg38.bai	gs://cclebams/hg38_wes/CDS-XdjcWu.hg38.bam			["gs://ccle-mutation/mutect2_parquet/a5ecfcdb8c53430bb51e3cbba1c7df62-0.parquet"]		gs://ccle-mutation/mutect2_vcf/CDS-XdjcWu_fixed.vcf.gz		ACH-000439	ME1	AGILENT
ACH-000487	F-36P	F36P	F36P_HAEMATOPOIETIC_AND_LYMPHOID_TISSUE		NA	Male	DSMZ	CVCL_2037	NA	pleural_effusion	Metastasis	Leukemia	Acute Myelogenous Leukemia (AML), M6 (Erythroleukemia)	68			blood	AML	M6		2D: suspension			PT-fzbPIv		Myelodysplastic syndrome	C3247		ACH-000487	gs://cclebams/RRBS/G29750/F-36P/v1/F-36P.bai	gs://cclebams/RRBS/G29750/F-36P/v1/F-36P.bam	gs://cclebams/hybrid_capture/F36P_HAEMATOPOIETIC_AND_LYMPHOID_TISSUE.bai	gs://cclebams/hybrid_capture/F36P_HAEMATOPOIETIC_AND_LYMPHOID_TISSUE.bam	gs://cclebams/raindance/G16640/F-36P/current/F-36P.bai	gs://cclebams/raindance/G16640/F-36P/current/F-36P.bam			gs://cclebams/rnasq_hg38/CDS-xUUvbN.Aligned.sortedByCoord.out.bam.bai	gs://cclebams/rnasq_hg38/CDS-xUUvbN.Aligned.sortedByCoord.out.bam	gs://cclebams/hg38_wes/CDS-csVAGv.hg38.bai	gs://cclebams/hg38_wes/CDS-csVAGv.hg38.bam			["gs://ccle-mutation/mutect2_parquet/d074bdbc34d34dbe862027e670a557ba-0.parquet"]		gs://ccle-mutation/mutect2_vcf/CDS-csVAGv_fixed.vcf.gz		ACH-000487	F36P	AGILENT
ACH-000498	KO52	KO52	KO52_HAEMATOPOIETIC_AND_LYMPHOID_TISSUE		1330932	Male	HSRRB	CVCL_1321	1325	bone_marrow		Leukemia	Acute Myelogenous Leukemia (AML), M2 (Myeloblastic)	46	SIDM00018		blood	AML	M2		2D: suspension			PT-pWs9uO		Adult acute myeloid leukemia	C9154		ACH-000498	gs://cclebams/RRBS/G29750/KO52/v2/KO52.bai	gs://cclebams/RRBS/G29750/KO52/v2/KO52.bam	gs://cclebams/hybrid_capture/KO52_HAEMATOPOIETIC_AND_LYMPHOID_TISSUE.bai	gs://cclebams/hybrid_capture/KO52_HAEMATOPOIETIC_AND_LYMPHOID_TISSUE.bam	gs://cclebams/raindance/G16640/KO52/current/KO52.bai	gs://cclebams/raindance/G16640/KO52/current/KO52.bam			gs://cclebams/rnasq_hg38/CDS-IBCL9D.Aligned.sortedByCoord.out.bam.bai	gs://cclebams/rnasq_hg38/CDS-IBCL9D.Aligned.sortedByCoord.out.bam									ACH-000498	KO52	
ACH-000557	AML-193	AML193	AML193_HAEMATOPOIETIC_AND_LYMPHOID_TISSUE		NA	Female	ATCC	CVCL_1071	NA	haematopoietic_and_lymphoid_tissue	Primary	Leukemia	Acute Myelogenous Leukemia (AML), M5 (Eosinophilic/Monocytic)	13			blood	AML	M5		2D: suspension			PT-CVf0Wr		Childhood acute myeloid leukemia	C9160		ACH-000557	gs://cclebams/RRBS/G29750/AML-193/v3/AML-193.bai	gs://cclebams/RRBS/G29750/AML-193/v3/AML-193.bam	gs://cclebams/hybrid_capture/AML193_HAEMATOPOIETIC_AND_LYMPHOID_TISSUE.bai	gs://cclebams/hybrid_capture/AML193_HAEMATOPOIETIC_AND_LYMPHOID_TISSUE.bam	gs://cclebams/raindance/G16640/AML-193/current/AML-193.bai	gs://cclebams/raindance/G16640/AML-193/current/AML-193.bam			gs://cclebams/rnasq_hg38/CDS-y8hrAG.Aligned.sortedByCoord.out.bam.bai	gs://cclebams/rnasq_hg38/CDS-y8hrAG.Aligned.sortedByCoord.out.bam	gs://cclebams/hg38_wes/CDS-z6YDCo.hg38.bai	gs://cclebams/hg38_wes/CDS-z6YDCo.hg38.bam			["gs://ccle-mutation/mutect2_parquet/1d4b366357e941db935c80c37e53e3a0-0.parquet"]		gs://ccle-mutation/mutect2_vcf/CDS-z6YDCo_fixed.vcf.gz		ACH-000557	AML193	AGILENT
ACH-000641	CMK	CMK	CMK_HAEMATOPOIETIC_AND_LYMPHOID_TISSUE		910566	Male	DSMZ	CVCL_0216	734	haematopoietic_and_lymphoid_tissue		Leukemia	Acute Myelogenous Leukemia (AML), M7 (Megakaryoblastic)	0	SIDM00959		blood	AML	M7		2D: suspension			PT-XYdNvp		Down syndrome	C2993		ACH-000641	gs://cclebams/RRBS/G29750/CMK/v4/CMK.bai	gs://cclebams/RRBS/G29750/CMK/v4/CMK.bam	gs://cclebams/hybrid_capture/CMK.merged.bai	gs://cclebams/hybrid_capture/CMK.merged.bam	gs://cclebams/raindance/G16640/CMK/current/CMK.bai	gs://cclebams/raindance/G16640/CMK/current/CMK.bam			gs://cclebams/rnasq_hg38/CDS-GJDCCs.Aligned.sortedByCoord.out.bam.bai	gs://cclebams/rnasq_hg38/CDS-GJDCCs.Aligned.sortedByCoord.out.bam	gs://cclebams/hg38_wes/CDS-sEOmEs.hg38.bai	gs://cclebams/hg38_wes/CDS-sEOmEs.hg38.bam			["gs://ccle-mutation/mutect2_parquet/3d821a8d06fa4754a79ec03cce96ce76-0.parquet"]		gs://ccle-mutation/mutect2_vcf/CDS-sEOmEs_fixed.vcf.gz		ACH-000641	CMK	AGILENT
ACH-000751	OCI-M1	OCIM1	OCIM1_HAEMATOPOIETIC_AND_LYMPHOID_TISSUE		1330985		DSMZ	CVCL_2149	1679	haematopoietic_and_lymphoid_tissue		Leukemia	Acute Myelogenous Leukemia (AML), M6 (Erythroleukemia)	62	SIDM00458		blood	AML	M6					PT-0HjWKA		Adult acute myeloid leukemia	C9154		ACH-000751	gs://cclebams/RRBS/G29750/OCI-M1/v1/OCI-M1.bai	gs://cclebams/RRBS/G29750/OCI-M1/v1/OCI-M1.bam	gs://cclebams/hybrid_capture/OCIM1_HAEMATOPOIETIC_AND_LYMPHOID_TISSUE.bai	gs://cclebams/hybrid_capture/OCIM1_HAEMATOPOIETIC_AND_LYMPHOID_TISSUE.bam	gs://cclebams/raindance/G16640/OCI-M1/current/OCI-M1.bai	gs://cclebams/raindance/G16640/OCI-M1/current/OCI-M1.bam			gs://cclebams/rnasq_hg38/CDS-BY0dgS.Aligned.sortedByCoord.out.bam.bai	gs://cclebams/rnasq_hg38/CDS-BY0dgS.Aligned.sortedByCoord.out.bam	gs://cclebams/hg38_wes/CDS-QRKue9.hg38.bai	gs://cclebams/hg38_wes/CDS-QRKue9.hg38.bam			["gs://ccle-mutation/mutect2_parquet/2cbca43a087e4af4883065bf0a459cca-0.parquet"]		gs://ccle-mutation/mutect2_vcf/CDS-QRKue9_fixed.vcf.gz		ACH-000751	OCIM1	AGILENT
ACH-000770	P31/FUJ	P31FUJ	P31FUJ_HAEMATOPOIETIC_AND_LYMPHOID_TISSUE		909253	Male	HSRRB	CVCL_1632	642	haematopoietic_and_lymphoid_tissue		Leukemia	Acute Myelogenous Leukemia (AML), M5 (Eosinophilic/Monocytic)	7	SIDM00363		blood	AML	M5					PT-7N6azV		Childhood acute myeloid leukemia	C9160	NRAS mutation indicated to be at p.Gly12Asp (c.35G>A) in PubMed=9379676	ACH-000770	gs://cclebams/RRBS/G29750/P31_FUJ/v2/P31_FUJ.bai	gs://cclebams/RRBS/G29750/P31_FUJ/v2/P31_FUJ.bam	gs://cclebams/hybrid_capture/P31FUJ_HAEMATOPOIETIC_AND_LYMPHOID_TISSUE.bai	gs://cclebams/hybrid_capture/P31FUJ_HAEMATOPOIETIC_AND_LYMPHOID_TISSUE.bam	gs://cclebams/raindance/G16640/P31_FUJ/current/P31_FUJ.bai	gs://cclebams/raindance/G16640/P31_FUJ/current/P31_FUJ.bam			gs://cclebams/rnasq_hg38/CDS-HefYar.Aligned.sortedByCoord.out.bam.bai	gs://cclebams/rnasq_hg38/CDS-HefYar.Aligned.sortedByCoord.out.bam									ACH-000770	P31FUJ	
ACH-001036	CMK-11-5	CMK115	CMK115_HAEMATOPOIETIC_AND_LYMPHOID_TISSUE		NA	Male	HSRRB	CVCL_0217	NA	haematopoietic_and_lymphoid_tissue		Leukemia	Acute Myelogenous Leukemia (AML)	0	SIDM01235		blood	AML			2D: suspension			PT-XYdNvp	ACH-001037	Down syndrome	C2993		ACH-001036			gs://cclebams/hybrid_capture/CMK115_HAEMATOPOIETIC_AND_LYMPHOID_TISSUE.bai	gs://cclebams/hybrid_capture/CMK115_HAEMATOPOIETIC_AND_LYMPHOID_TISSUE.bam					gs://cclebams/rnasq_hg38/CDS-TIYRBY.Aligned.sortedByCoord.out.bam.bai	gs://cclebams/rnasq_hg38/CDS-TIYRBY.Aligned.sortedByCoord.out.bam			gs://cclebams/wgs_hg38/CDS-y9LJmW.hg38.bai	gs://cclebams/wgs_hg38/CDS-y9LJmW.hg38.bam				gs://ccle-mutation/mutect2_vcf/CDS-y9LJmW_fixed.vcf.gz	ACH-001036	CMK115	
ACH-001129	MONO-MAC-1	MONOMAC1	MONOMAC1_HAEMATOPOIETIC_AND_LYMPHOID_TISSUE		NA	Male	DSMZ	CVCL_1425	NA	haematopoietic_and_lymphoid_tissue	Primary	Leukemia	Acute Myelogenous Leukemia (AML)	64	SIDM01022		blood	AML						PT-ej13Dz		Adult acute monocytic leukemia	C8263		ACH-001129	gs://cclebams/RRBS/G29750/MONO-MAC-1/v1/MONO-MAC-1.bai	gs://cclebams/RRBS/G29750/MONO-MAC-1/v1/MONO-MAC-1.bam	gs://cclebams/hybrid_capture/MONOMAC1_HAEMATOPOIETIC_AND_LYMPHOID_TISSUE.bai	gs://cclebams/hybrid_capture/MONOMAC1_HAEMATOPOIETIC_AND_LYMPHOID_TISSUE.bam	gs://cclebams/raindance/G16640/MONO-MAC-1/current/MONO-MAC-1.bai	gs://cclebams/raindance/G16640/MONO-MAC-1/current/MONO-MAC-1.bam			gs://cclebams/rnasq_hg38/CDS-C8LVER.Aligned.sortedByCoord.out.bam.bai	gs://cclebams/rnasq_hg38/CDS-C8LVER.Aligned.sortedByCoord.out.bam	gs://cclebams/hg38_wes/CDS-z3u3Pj.hg38.bai	gs://cclebams/hg38_wes/CDS-z3u3Pj.hg38.bam	gs://cclebams/wgs_hg38/CDS-nSgiDC.wgs_ccle.bai	gs://cclebams/wgs_hg38/CDS-nSgiDC.wgs_ccle.bam	["gs://ccle-mutation/mutect2_parquet/1b3121569db042a49857194dfd15d82f-0.parquet","gs://ccle-mutation/mutect2_parquet/2ca44c915cbe4937bd9f0897c295c117-0.parquet","gs://ccle-mutation/mutect2_parquet/4dcd88eeb1e14415916e9b0a35e8162c-0.parquet","gs://ccle-mutation/mutect2_parquet/9a2d87581b2744a48ff67ad9876eb480-0.parquet"]	["gs://ccle-mutation/mutect2_parquet/082095b8775b4c6bb8284ba9952d9845-0.parquet","gs://ccle-mutation/mutect2_parquet/1b76fbce0a0a4b5db166b631db5c7594-0.parquet","gs://ccle-mutation/mutect2_parquet/4d6cf61db4294a019ad99108a292aed2-0.parquet","gs://ccle-mutation/mutect2_parquet/511592153c7d43308bf10ee1d93a062c-0.parquet","gs://ccle-mutation/mutect2_parquet/522c60ce50ff4332871744a49cf5492e-0.parquet","gs://ccle-mutation/mutect2_parquet/acc145e889bc42438dc91c1b85ad748e-0.parquet","gs://ccle-mutation/mutect2_parquet/b6c7c6cf8f594ea5af5d7d592aec39fc-0.parquet","gs://ccle-mutation/mutect2_parquet/c066b28af75a476fa9081b818d5b8363-0.parquet","gs://ccle-mutation/mutect2_parquet/e08288f203d24f1bb5c8d902ab98f721-0.parquet"]	gs://ccle-mutation/mutect2_vcf/CDS-z3u3Pj_fixed.vcf.gz	gs://ccle-mutation/mutect2_vcf/CDS-nSgiDC_fixed.vcf.gz	ACH-001129	MONOMAC1	ICE
